time,open,high,low,close
2024-01-01T00:00:00Z,100.0200,100.5200,99.5200,100.0200
2024-01-01T00:01:00Z,100.0400,100.5400,99.5400,100.0400
2024-01-01T00:02:00Z,100.0600,100.5600,99.5600,100.0600
2024-01-01T00:03:00Z,100.0800,100.5800,99.5800,100.0800
2024-01-01T00:04:00Z,100.1000,100.6000,99.6000,100.1000
2024-01-01T00:05:00Z,100.1200,100.6200,99.6200,100.1200
2024-01-01T00:06:00Z,100.1400,100.6400,99.6400,100.1400
2024-01-01T00:07:00Z,100.1600,100.6600,99.6600,100.1600
2024-01-01T00:08:00Z,100.1800,100.6800,99.6800,100.1800
2024-01-01T00:09:00Z,100.2000,100.7000,99.7000,100.2000
2024-01-01T00:10:00Z,100.2200,100.7200,99.7200,100.2200
2024-01-01T00:11:00Z,100.2400,100.7400,99.7400,100.2400
2024-01-01T00:12:00Z,100.2600,100.7600,99.7600,100.2600
2024-01-01T00:13:00Z,100.2800,100.7800,99.7800,100.2800
2024-01-01T00:14:00Z,100.3000,100.8000,99.8000,100.3000
2024-01-01T00:15:00Z,100.3200,100.8200,99.8200,100.3200
2024-01-01T00:16:00Z,100.3400,100.8400,99.8400,100.3400
2024-01-01T00:17:00Z,100.3600,100.8600,99.8600,100.3600
2024-01-01T00:18:00Z,100.3800,100.8800,99.8800,100.3800
2024-01-01T00:19:00Z,100.4000,100.9000,99.9000,100.4000
2024-01-01T00:20:00Z,100.4200,100.9200,99.9200,100.4200
2024-01-01T00:21:00Z,100.4400,100.9400,99.9400,100.4400
2024-01-01T00:22:00Z,100.4600,100.9600,99.9600,100.4600
2024-01-01T00:23:00Z,100.4800,100.9800,99.9800,100.4800
2024-01-01T00:24:00Z,100.5000,101.0000,100.0000,100.5000
2024-01-01T00:25:00Z,100.5200,101.0200,100.0200,100.5200
2024-01-01T00:26:00Z,100.5400,101.0400,100.0400,100.5400
2024-01-01T00:27:00Z,100.5600,101.0600,100.0600,100.5600
2024-01-01T00:28:00Z,100.5800,101.0800,100.0800,100.5800
2024-01-01T00:29:00Z,100.6000,101.1000,100.1000,100.6000
2024-01-01T00:30:00Z,100.6200,101.1200,100.1200,100.6200
2024-01-01T00:31:00Z,100.6400,101.1400,100.1400,100.6400
2024-01-01T00:32:00Z,100.6600,101.1600,100.1600,100.6600
2024-01-01T00:33:00Z,100.6800,101.1800,100.1800,100.6800
2024-01-01T00:34:00Z,100.7000,101.2000,100.2000,100.7000
2024-01-01T00:35:00Z,100.7200,101.2200,100.2200,100.7200
2024-01-01T00:36:00Z,100.7400,101.2400,100.2400,100.7400
2024-01-01T00:37:00Z,100.7600,101.2600,100.2600,100.7600
2024-01-01T00:38:00Z,100.7800,101.2800,100.2800,100.7800
2024-01-01T00:39:00Z,100.8000,101.3000,100.3000,100.8000
2024-01-01T00:40:00Z,100.8200,101.3200,100.3200,100.8200
2024-01-01T00:41:00Z,100.8400,101.3400,100.3400,100.8400
2024-01-01T00:42:00Z,100.8600,101.3600,100.3600,100.8600
2024-01-01T00:43:00Z,100.8800,101.3800,100.3800,100.8800
2024-01-01T00:44:00Z,100.9000,101.4000,100.4000,100.9000
2024-01-01T00:45:00Z,100.9200,101.4200,100.4200,100.9200
2024-01-01T00:46:00Z,100.9400,101.4400,100.4400,100.9400
2024-01-01T00:47:00Z,100.9600,101.4600,100.4600,100.9600
2024-01-01T00:48:00Z,100.9800,101.4800,100.4800,100.9800
2024-01-01T00:49:00Z,101.0000,101.5000,100.5000,101.0000
2024-01-01T00:50:00Z,101.0200,101.5200,100.5200,101.0200
2024-01-01T00:51:00Z,101.0400,101.5400,100.5400,101.0400
2024-01-01T00:52:00Z,101.0600,101.5600,100.5600,101.0600
2024-01-01T00:53:00Z,101.0800,101.5800,100.5800,101.0800
2024-01-01T00:54:00Z,101.1000,101.6000,100.6000,101.1000
2024-01-01T00:55:00Z,101.1200,101.6200,100.6200,101.1200
2024-01-01T00:56:00Z,101.1400,101.6400,100.6400,101.1400
2024-01-01T00:57:00Z,101.1600,101.6600,100.6600,101.1600
2024-01-01T00:58:00Z,101.1800,101.6800,100.6800,101.1800
2024-01-01T00:59:00Z,101.2000,101.7000,100.7000,101.2000
2024-01-01T00:00:00Z,101.2200,101.7200,100.7200,101.2200
2024-01-01T00:01:00Z,101.2400,101.7400,100.7400,101.2400
2024-01-01T00:02:00Z,101.2600,101.7600,100.7600,101.2600
2024-01-01T00:03:00Z,101.2800,101.7800,100.7800,101.2800
2024-01-01T00:04:00Z,101.3000,101.8000,100.8000,101.3000
2024-01-01T00:05:00Z,101.3200,101.8200,100.8200,101.3200
2024-01-01T00:06:00Z,101.3400,101.8400,100.8400,101.3400
2024-01-01T00:07:00Z,101.3600,101.8600,100.8600,101.3600
2024-01-01T00:08:00Z,101.3800,101.8800,100.8800,101.3800
2024-01-01T00:09:00Z,101.4000,101.9000,100.9000,101.4000
2024-01-01T00:10:00Z,101.4200,101.9200,100.9200,101.4200
2024-01-01T00:11:00Z,101.4400,101.9400,100.9400,101.4400
2024-01-01T00:12:00Z,101.4600,101.9600,100.9600,101.4600
2024-01-01T00:13:00Z,101.4800,101.9800,100.9800,101.4800
2024-01-01T00:14:00Z,101.5000,102.0000,101.0000,101.5000
2024-01-01T00:15:00Z,101.5200,102.0200,101.0200,101.5200
2024-01-01T00:16:00Z,101.5400,102.0400,101.0400,101.5400
2024-01-01T00:17:00Z,101.5600,102.0600,101.0600,101.5600
2024-01-01T00:18:00Z,101.5800,102.0800,101.0800,101.5800
2024-01-01T00:19:00Z,101.6000,102.1000,101.1000,101.6000
2024-01-01T00:20:00Z,101.6200,102.1200,101.1200,101.6200
2024-01-01T00:21:00Z,101.6400,102.1400,101.1400,101.6400
2024-01-01T00:22:00Z,101.6600,102.1600,101.1600,101.6600
2024-01-01T00:23:00Z,101.6800,102.1800,101.1800,101.6800
2024-01-01T00:24:00Z,101.7000,102.2000,101.2000,101.7000
2024-01-01T00:25:00Z,101.7200,102.2200,101.2200,101.7200
2024-01-01T00:26:00Z,101.7400,102.2400,101.2400,101.7400
2024-01-01T00:27:00Z,101.7600,102.2600,101.2600,101.7600
2024-01-01T00:28:00Z,101.7800,102.2800,101.2800,101.7800
2024-01-01T00:29:00Z,101.8000,102.3000,101.3000,101.8000
2024-01-01T00:30:00Z,101.8200,102.3200,101.3200,101.8200
2024-01-01T00:31:00Z,101.8400,102.3400,101.3400,101.8400
2024-01-01T00:32:00Z,101.8600,102.3600,101.3600,101.8600
2024-01-01T00:33:00Z,101.8800,102.3800,101.3800,101.8800
2024-01-01T00:34:00Z,101.9000,102.4000,101.4000,101.9000
2024-01-01T00:35:00Z,101.9200,102.4200,101.4200,101.9200
2024-01-01T00:36:00Z,101.9400,102.4400,101.4400,101.9400
2024-01-01T00:37:00Z,101.9600,102.4600,101.4600,101.9600
2024-01-01T00:38:00Z,101.9800,102.4800,101.4800,101.9800
2024-01-01T00:39:00Z,102.0000,102.5000,101.5000,102.0000
2024-01-01T00:40:00Z,102.0200,102.5200,101.5200,102.0200
2024-01-01T00:41:00Z,102.0400,102.5400,101.5400,102.0400
2024-01-01T00:42:00Z,102.0600,102.5600,101.5600,102.0600
2024-01-01T00:43:00Z,102.0800,102.5800,101.5800,102.0800
2024-01-01T00:44:00Z,102.1000,102.6000,101.6000,102.1000
2024-01-01T00:45:00Z,102.1200,102.6200,101.6200,102.1200
2024-01-01T00:46:00Z,102.1400,102.6400,101.6400,102.1400
2024-01-01T00:47:00Z,102.1600,102.6600,101.6600,102.1600
2024-01-01T00:48:00Z,102.1800,102.6800,101.6800,102.1800
2024-01-01T00:49:00Z,102.2000,102.7000,101.7000,102.2000
2024-01-01T00:50:00Z,102.2200,102.7200,101.7200,102.2200
2024-01-01T00:51:00Z,102.2400,102.7400,101.7400,102.2400
2024-01-01T00:52:00Z,102.2600,102.7600,101.7600,102.2600
2024-01-01T00:53:00Z,102.2800,102.7800,101.7800,102.2800
2024-01-01T00:54:00Z,102.3000,102.8000,101.8000,102.3000
2024-01-01T00:55:00Z,102.3200,102.8200,101.8200,102.3200
2024-01-01T00:56:00Z,102.3400,102.8400,101.8400,102.3400
2024-01-01T00:57:00Z,102.3600,102.8600,101.8600,102.3600
2024-01-01T00:58:00Z,102.3800,102.8800,101.8800,102.3800
2024-01-01T00:59:00Z,102.4000,102.9000,101.9000,102.4000
2024-01-01T00:00:00Z,102.4200,102.9200,101.9200,102.4200
2024-01-01T00:01:00Z,102.4400,102.9400,101.9400,102.4400
2024-01-01T00:02:00Z,102.4600,102.9600,101.9600,102.4600
2024-01-01T00:03:00Z,102.4800,102.9800,101.9800,102.4800
2024-01-01T00:04:00Z,102.5000,103.0000,102.0000,102.5000
2024-01-01T00:05:00Z,102.5200,103.0200,102.0200,102.5200
2024-01-01T00:06:00Z,102.5400,103.0400,102.0400,102.5400
2024-01-01T00:07:00Z,102.5600,103.0600,102.0600,102.5600
2024-01-01T00:08:00Z,102.5800,103.0800,102.0800,102.5800
2024-01-01T00:09:00Z,102.6000,103.1000,102.1000,102.6000
2024-01-01T00:10:00Z,102.6200,103.1200,102.1200,102.6200
2024-01-01T00:11:00Z,102.6400,103.1400,102.1400,102.6400
2024-01-01T00:12:00Z,102.6600,103.1600,102.1600,102.6600
2024-01-01T00:13:00Z,102.6800,103.1800,102.1800,102.6800
2024-01-01T00:14:00Z,102.7000,103.2000,102.2000,102.7000
2024-01-01T00:15:00Z,102.7200,103.2200,102.2200,102.7200
2024-01-01T00:16:00Z,102.7400,103.2400,102.2400,102.7400
2024-01-01T00:17:00Z,102.7600,103.2600,102.2600,102.7600
2024-01-01T00:18:00Z,102.7800,103.2800,102.2800,102.7800
2024-01-01T00:19:00Z,102.8000,103.3000,102.3000,102.8000
2024-01-01T00:20:00Z,102.8200,103.3200,102.3200,102.8200
2024-01-01T00:21:00Z,102.8400,103.3400,102.3400,102.8400
2024-01-01T00:22:00Z,102.8600,103.3600,102.3600,102.8600
2024-01-01T00:23:00Z,102.8800,103.3800,102.3800,102.8800
2024-01-01T00:24:00Z,102.9000,103.4000,102.4000,102.9000
2024-01-01T00:25:00Z,102.9200,103.4200,102.4200,102.9200
2024-01-01T00:26:00Z,102.9400,103.4400,102.4400,102.9400
2024-01-01T00:27:00Z,102.9600,103.4600,102.4600,102.9600
2024-01-01T00:28:00Z,102.9800,103.4800,102.4800,102.9800
2024-01-01T00:29:00Z,103.0000,103.5000,102.5000,103.0000
2024-01-01T00:30:00Z,103.0200,103.5200,102.5200,103.0200
2024-01-01T00:31:00Z,103.0400,103.5400,102.5400,103.0400
2024-01-01T00:32:00Z,103.0600,103.5600,102.5600,103.0600
2024-01-01T00:33:00Z,103.0800,103.5800,102.5800,103.0800
2024-01-01T00:34:00Z,103.1000,103.6000,102.6000,103.1000
2024-01-01T00:35:00Z,103.1200,103.6200,102.6200,103.1200
2024-01-01T00:36:00Z,103.1400,103.6400,102.6400,103.1400
2024-01-01T00:37:00Z,103.1600,103.6600,102.6600,103.1600
2024-01-01T00:38:00Z,103.1800,103.6800,102.6800,103.1800
2024-01-01T00:39:00Z,103.2000,103.7000,102.7000,103.2000
2024-01-01T00:40:00Z,103.2200,103.7200,102.7200,103.2200
2024-01-01T00:41:00Z,103.2400,103.7400,102.7400,103.2400
2024-01-01T00:42:00Z,103.2600,103.7600,102.7600,103.2600
2024-01-01T00:43:00Z,103.2800,103.7800,102.7800,103.2800
2024-01-01T00:44:00Z,103.3000,103.8000,102.8000,103.3000
2024-01-01T00:45:00Z,103.3200,103.8200,102.8200,103.3200
2024-01-01T00:46:00Z,103.3400,103.8400,102.8400,103.3400
2024-01-01T00:47:00Z,103.3600,103.8600,102.8600,103.3600
2024-01-01T00:48:00Z,103.3800,103.8800,102.8800,103.3800
2024-01-01T00:49:00Z,103.4000,103.9000,102.9000,103.4000
2024-01-01T00:50:00Z,103.4200,103.9200,102.9200,103.4200
2024-01-01T00:51:00Z,103.4400,103.9400,102.9400,103.4400
2024-01-01T00:52:00Z,103.4600,103.9600,102.9600,103.4600
2024-01-01T00:53:00Z,103.4800,103.9800,102.9800,103.4800
2024-01-01T00:54:00Z,103.5000,104.0000,103.0000,103.5000
2024-01-01T00:55:00Z,103.5200,104.0200,103.0200,103.5200
2024-01-01T00:56:00Z,103.5400,104.0400,103.0400,103.5400
2024-01-01T00:57:00Z,103.5600,104.0600,103.0600,103.5600
2024-01-01T00:58:00Z,103.5800,104.0800,103.0800,103.5800
2024-01-01T00:59:00Z,103.6000,104.1000,103.1000,103.6000
2024-01-01T00:00:00Z,103.6200,104.1200,103.1200,103.6200
2024-01-01T00:01:00Z,103.6400,104.1400,103.1400,103.6400
2024-01-01T00:02:00Z,103.6600,104.1600,103.1600,103.6600
2024-01-01T00:03:00Z,103.6800,104.1800,103.1800,103.6800
2024-01-01T00:04:00Z,103.7000,104.2000,103.2000,103.7000
2024-01-01T00:05:00Z,103.7200,104.2200,103.2200,103.7200
2024-01-01T00:06:00Z,103.7400,104.2400,103.2400,103.7400
2024-01-01T00:07:00Z,103.7600,104.2600,103.2600,103.7600
2024-01-01T00:08:00Z,103.7800,104.2800,103.2800,103.7800
2024-01-01T00:09:00Z,103.8000,104.3000,103.3000,103.8000
2024-01-01T00:10:00Z,103.8200,104.3200,103.3200,103.8200
2024-01-01T00:11:00Z,103.8400,104.3400,103.3400,103.8400
2024-01-01T00:12:00Z,103.8600,104.3600,103.3600,103.8600
2024-01-01T00:13:00Z,103.8800,104.3800,103.3800,103.8800
2024-01-01T00:14:00Z,103.9000,104.4000,103.4000,103.9000
2024-01-01T00:15:00Z,103.9200,104.4200,103.4200,103.9200
2024-01-01T00:16:00Z,103.9400,104.4400,103.4400,103.9400
2024-01-01T00:17:00Z,103.9600,104.4600,103.4600,103.9600
2024-01-01T00:18:00Z,103.9800,104.4800,103.4800,103.9800
2024-01-01T00:19:00Z,104.0000,104.5000,103.5000,104.0000
2024-01-01T00:20:00Z,104.0200,104.5200,103.5200,104.0200
2024-01-01T00:21:00Z,104.0400,104.5400,103.5400,104.0400
2024-01-01T00:22:00Z,104.0600,104.5600,103.5600,104.0600
2024-01-01T00:23:00Z,104.0800,104.5800,103.5800,104.0800
2024-01-01T00:24:00Z,104.1000,104.6000,103.6000,104.1000
2024-01-01T00:25:00Z,104.1200,104.6200,103.6200,104.1200
2024-01-01T00:26:00Z,104.1400,104.6400,103.6400,104.1400
2024-01-01T00:27:00Z,104.1600,104.6600,103.6600,104.1600
2024-01-01T00:28:00Z,104.1800,104.6800,103.6800,104.1800
2024-01-01T00:29:00Z,104.2000,104.7000,103.7000,104.2000
2024-01-01T00:30:00Z,104.2200,104.7200,103.7200,104.2200
2024-01-01T00:31:00Z,104.2400,104.7400,103.7400,104.2400
2024-01-01T00:32:00Z,104.2600,104.7600,103.7600,104.2600
2024-01-01T00:33:00Z,104.2800,104.7800,103.7800,104.2800
2024-01-01T00:34:00Z,104.3000,104.8000,103.8000,104.3000
2024-01-01T00:35:00Z,104.3200,104.8200,103.8200,104.3200
2024-01-01T00:36:00Z,104.3400,104.8400,103.8400,104.3400
2024-01-01T00:37:00Z,104.3600,104.8600,103.8600,104.3600
2024-01-01T00:38:00Z,104.3800,104.8800,103.8800,104.3800
2024-01-01T00:39:00Z,104.4000,104.9000,103.9000,104.4000
2024-01-01T00:40:00Z,104.4200,104.9200,103.9200,104.4200
2024-01-01T00:41:00Z,104.4400,104.9400,103.9400,104.4400
2024-01-01T00:42:00Z,104.4600,104.9600,103.9600,104.4600
2024-01-01T00:43:00Z,104.4800,104.9800,103.9800,104.4800
2024-01-01T00:44:00Z,104.5000,105.0000,104.0000,104.5000
2024-01-01T00:45:00Z,104.5200,105.0200,104.0200,104.5200
2024-01-01T00:46:00Z,104.5400,105.0400,104.0400,104.5400
2024-01-01T00:47:00Z,104.5600,105.0600,104.0600,104.5600
2024-01-01T00:48:00Z,104.5800,105.0800,104.0800,104.5800
2024-01-01T00:49:00Z,104.6000,105.1000,104.1000,104.6000
2024-01-01T00:50:00Z,104.6200,105.1200,104.1200,104.6200
2024-01-01T00:51:00Z,104.6400,105.1400,104.1400,104.6400
2024-01-01T00:52:00Z,104.6600,105.1600,104.1600,104.6600
2024-01-01T00:53:00Z,104.6800,105.1800,104.1800,104.6800
2024-01-01T00:54:00Z,104.7000,105.2000,104.2000,104.7000
2024-01-01T00:55:00Z,104.7200,105.2200,104.2200,104.7200
2024-01-01T00:56:00Z,104.7400,105.2400,104.2400,104.7400
2024-01-01T00:57:00Z,104.7600,105.2600,104.2600,104.7600
2024-01-01T00:58:00Z,104.7800,105.2800,104.2800,104.7800
2024-01-01T00:59:00Z,104.8000,105.3000,104.3000,104.8000
2024-01-01T00:00:00Z,104.8200,105.3200,104.3200,104.8200
2024-01-01T00:01:00Z,104.8400,105.3400,104.3400,104.8400
2024-01-01T00:02:00Z,104.8600,105.3600,104.3600,104.8600
2024-01-01T00:03:00Z,104.8800,105.3800,104.3800,104.8800
2024-01-01T00:04:00Z,104.9000,105.4000,104.4000,104.9000
2024-01-01T00:05:00Z,104.9200,105.4200,104.4200,104.9200
2024-01-01T00:06:00Z,104.9400,105.4400,104.4400,104.9400
2024-01-01T00:07:00Z,104.9600,105.4600,104.4600,104.9600
2024-01-01T00:08:00Z,104.9800,105.4800,104.4800,104.9800
2024-01-01T00:09:00Z,105.0000,105.5000,104.5000,105.0000
2024-01-01T00:10:00Z,105.0200,105.5200,104.5200,105.0200
2024-01-01T00:11:00Z,105.0400,105.5400,104.5400,105.0400
2024-01-01T00:12:00Z,105.0600,105.5600,104.5600,105.0600
2024-01-01T00:13:00Z,105.0800,105.5800,104.5800,105.0800
2024-01-01T00:14:00Z,105.1000,105.6000,104.6000,105.1000
2024-01-01T00:15:00Z,105.1200,105.6200,104.6200,105.1200
2024-01-01T00:16:00Z,105.1400,105.6400,104.6400,105.1400
2024-01-01T00:17:00Z,105.1600,105.6600,104.6600,105.1600
2024-01-01T00:18:00Z,105.1800,105.6800,104.6800,105.1800
2024-01-01T00:19:00Z,105.2000,105.7000,104.7000,105.2000
2024-01-01T00:20:00Z,105.2200,105.7200,104.7200,105.2200
2024-01-01T00:21:00Z,105.2400,105.7400,104.7400,105.2400
2024-01-01T00:22:00Z,105.2600,105.7600,104.7600,105.2600
2024-01-01T00:23:00Z,105.2800,105.7800,104.7800,105.2800
2024-01-01T00:24:00Z,105.3000,105.8000,104.8000,105.3000
2024-01-01T00:25:00Z,105.3200,105.8200,104.8200,105.3200
2024-01-01T00:26:00Z,105.3400,105.8400,104.8400,105.3400
2024-01-01T00:27:00Z,105.3600,105.8600,104.8600,105.3600
2024-01-01T00:28:00Z,105.3800,105.8800,104.8800,105.3800
2024-01-01T00:29:00Z,105.4000,105.9000,104.9000,105.4000
2024-01-01T00:30:00Z,105.4200,105.9200,104.9200,105.4200
2024-01-01T00:31:00Z,105.4400,105.9400,104.9400,105.4400
2024-01-01T00:32:00Z,105.4600,105.9600,104.9600,105.4600
2024-01-01T00:33:00Z,105.4800,105.9800,104.9800,105.4800
2024-01-01T00:34:00Z,105.5000,106.0000,105.0000,105.5000
2024-01-01T00:35:00Z,105.5200,106.0200,105.0200,105.5200
2024-01-01T00:36:00Z,105.5400,106.0400,105.0400,105.5400
2024-01-01T00:37:00Z,105.5600,106.0600,105.0600,105.5600
2024-01-01T00:38:00Z,105.5800,106.0800,105.0800,105.5800
2024-01-01T00:39:00Z,105.6000,106.1000,105.1000,105.6000
2024-01-01T00:40:00Z,105.6200,106.1200,105.1200,105.6200
2024-01-01T00:41:00Z,105.6400,106.1400,105.1400,105.6400
2024-01-01T00:42:00Z,105.6600,106.1600,105.1600,105.6600
2024-01-01T00:43:00Z,105.6800,106.1800,105.1800,105.6800
2024-01-01T00:44:00Z,105.7000,106.2000,105.2000,105.7000
2024-01-01T00:45:00Z,105.7200,106.2200,105.2200,105.7200
2024-01-01T00:46:00Z,105.7400,106.2400,105.2400,105.7400
2024-01-01T00:47:00Z,105.7600,106.2600,105.2600,105.7600
2024-01-01T00:48:00Z,105.7800,106.2800,105.2800,105.7800
2024-01-01T00:49:00Z,105.8000,106.3000,105.3000,105.8000
2024-01-01T00:50:00Z,105.8200,106.3200,105.3200,105.8200
2024-01-01T00:51:00Z,105.8400,106.3400,105.3400,105.8400
2024-01-01T00:52:00Z,105.8600,106.3600,105.3600,105.8600
2024-01-01T00:53:00Z,105.8800,106.3800,105.3800,105.8800
2024-01-01T00:54:00Z,105.9000,106.4000,105.4000,105.9000
2024-01-01T00:55:00Z,105.9200,106.4200,105.4200,105.9200
2024-01-01T00:56:00Z,105.9400,106.4400,105.4400,105.9400
2024-01-01T00:57:00Z,105.9600,106.4600,105.4600,105.9600
2024-01-01T00:58:00Z,105.9800,106.4800,105.4800,105.9800
2024-01-01T00:59:00Z,106.0000,106.5000,105.5000,106.0000
2024-01-01T00:00:00Z,106.0200,106.5200,105.5200,106.0200
2024-01-01T00:01:00Z,106.0400,106.5400,105.5400,106.0400
2024-01-01T00:02:00Z,106.0600,106.5600,105.5600,106.0600
2024-01-01T00:03:00Z,106.0800,106.5800,105.5800,106.0800
2024-01-01T00:04:00Z,106.1000,106.6000,105.6000,106.1000
2024-01-01T00:05:00Z,106.1200,106.6200,105.6200,106.1200
2024-01-01T00:06:00Z,106.1400,106.6400,105.6400,106.1400
2024-01-01T00:07:00Z,106.1600,106.6600,105.6600,106.1600
2024-01-01T00:08:00Z,106.1800,106.6800,105.6800,106.1800
2024-01-01T00:09:00Z,106.2000,106.7000,105.7000,106.2000
2024-01-01T00:10:00Z,106.2200,106.7200,105.7200,106.2200
2024-01-01T00:11:00Z,106.2400,106.7400,105.7400,106.2400
2024-01-01T00:12:00Z,106.2600,106.7600,105.7600,106.2600
2024-01-01T00:13:00Z,106.2800,106.7800,105.7800,106.2800
2024-01-01T00:14:00Z,106.3000,106.8000,105.8000,106.3000
2024-01-01T00:15:00Z,106.3200,106.8200,105.8200,106.3200
2024-01-01T00:16:00Z,106.3400,106.8400,105.8400,106.3400
2024-01-01T00:17:00Z,106.3600,106.8600,105.8600,106.3600
2024-01-01T00:18:00Z,106.3800,106.8800,105.8800,106.3800
2024-01-01T00:19:00Z,106.4000,106.9000,105.9000,106.4000
2024-01-01T00:20:00Z,106.4200,106.9200,105.9200,106.4200
2024-01-01T00:21:00Z,106.4400,106.9400,105.9400,106.4400
2024-01-01T00:22:00Z,106.4600,106.9600,105.9600,106.4600
2024-01-01T00:23:00Z,106.4800,106.9800,105.9800,106.4800
2024-01-01T00:24:00Z,106.5000,107.0000,106.0000,106.5000
2024-01-01T00:25:00Z,106.5200,107.0200,106.0200,106.5200
2024-01-01T00:26:00Z,106.5400,107.0400,106.0400,106.5400
2024-01-01T00:27:00Z,106.5600,107.0600,106.0600,106.5600
2024-01-01T00:28:00Z,106.5800,107.0800,106.0800,106.5800
2024-01-01T00:29:00Z,106.6000,107.1000,106.1000,106.6000
2024-01-01T00:30:00Z,106.6200,107.1200,106.1200,106.6200
2024-01-01T00:31:00Z,106.6400,107.1400,106.1400,106.6400
2024-01-01T00:32:00Z,106.6600,107.1600,106.1600,106.6600
2024-01-01T00:33:00Z,106.6800,107.1800,106.1800,106.6800
2024-01-01T00:34:00Z,106.7000,107.2000,106.2000,106.7000
2024-01-01T00:35:00Z,106.7200,107.2200,106.2200,106.7200
2024-01-01T00:36:00Z,106.7400,107.2400,106.2400,106.7400
2024-01-01T00:37:00Z,106.7600,107.2600,106.2600,106.7600
2024-01-01T00:38:00Z,106.7800,107.2800,106.2800,106.7800
2024-01-01T00:39:00Z,106.8000,107.3000,106.3000,106.8000
2024-01-01T00:40:00Z,106.8200,107.3200,106.3200,106.8200
2024-01-01T00:41:00Z,106.8400,107.3400,106.3400,106.8400
2024-01-01T00:42:00Z,106.8600,107.3600,106.3600,106.8600
2024-01-01T00:43:00Z,106.8800,107.3800,106.3800,106.8800
2024-01-01T00:44:00Z,106.9000,107.4000,106.4000,106.9000
2024-01-01T00:45:00Z,106.9200,107.4200,106.4200,106.9200
2024-01-01T00:46:00Z,106.9400,107.4400,106.4400,106.9400
2024-01-01T00:47:00Z,106.9600,107.4600,106.4600,106.9600
2024-01-01T00:48:00Z,106.9800,107.4800,106.4800,106.9800
2024-01-01T00:49:00Z,107.0000,107.5000,106.5000,107.0000
2024-01-01T00:50:00Z,107.0200,107.5200,106.5200,107.0200
2024-01-01T00:51:00Z,107.0400,107.5400,106.5400,107.0400
2024-01-01T00:52:00Z,107.0600,107.5600,106.5600,107.0600
2024-01-01T00:53:00Z,107.0800,107.5800,106.5800,107.0800
2024-01-01T00:54:00Z,107.1000,107.6000,106.6000,107.1000
2024-01-01T00:55:00Z,107.1200,107.6200,106.6200,107.1200
2024-01-01T00:56:00Z,107.1400,107.6400,106.6400,107.1400
2024-01-01T00:57:00Z,107.1600,107.6600,106.6600,107.1600
2024-01-01T00:58:00Z,107.1800,107.6800,106.6800,107.1800
2024-01-01T00:59:00Z,107.2000,107.7000,106.7000,107.2000
2024-01-01T00:00:00Z,107.2200,107.7200,106.7200,107.2200
2024-01-01T00:01:00Z,107.2400,107.7400,106.7400,107.2400
2024-01-01T00:02:00Z,107.2600,107.7600,106.7600,107.2600
2024-01-01T00:03:00Z,107.2800,107.7800,106.7800,107.2800
2024-01-01T00:04:00Z,107.3000,107.8000,106.8000,107.3000
2024-01-01T00:05:00Z,107.3200,107.8200,106.8200,107.3200
2024-01-01T00:06:00Z,107.3400,107.8400,106.8400,107.3400
2024-01-01T00:07:00Z,107.3600,107.8600,106.8600,107.3600
2024-01-01T00:08:00Z,107.3800,107.8800,106.8800,107.3800
2024-01-01T00:09:00Z,107.4000,107.9000,106.9000,107.4000
2024-01-01T00:10:00Z,107.4200,107.9200,106.9200,107.4200
2024-01-01T00:11:00Z,107.4400,107.9400,106.9400,107.4400
2024-01-01T00:12:00Z,107.4600,107.9600,106.9600,107.4600
2024-01-01T00:13:00Z,107.4800,107.9800,106.9800,107.4800
2024-01-01T00:14:00Z,107.5000,108.0000,107.0000,107.5000
2024-01-01T00:15:00Z,107.5200,108.0200,107.0200,107.5200
2024-01-01T00:16:00Z,107.5400,108.0400,107.0400,107.5400
2024-01-01T00:17:00Z,107.5600,108.0600,107.0600,107.5600
2024-01-01T00:18:00Z,107.5800,108.0800,107.0800,107.5800
2024-01-01T00:19:00Z,107.6000,108.1000,107.1000,107.6000
2024-01-01T00:20:00Z,107.6200,108.1200,107.1200,107.6200
2024-01-01T00:21:00Z,107.6400,108.1400,107.1400,107.6400
2024-01-01T00:22:00Z,107.6600,108.1600,107.1600,107.6600
2024-01-01T00:23:00Z,107.6800,108.1800,107.1800,107.6800
2024-01-01T00:24:00Z,107.7000,108.2000,107.2000,107.7000
2024-01-01T00:25:00Z,107.7200,108.2200,107.2200,107.7200
2024-01-01T00:26:00Z,107.7400,108.2400,107.2400,107.7400
2024-01-01T00:27:00Z,107.7600,108.2600,107.2600,107.7600
2024-01-01T00:28:00Z,107.7800,108.2800,107.2800,107.7800
2024-01-01T00:29:00Z,107.8000,108.3000,107.3000,107.8000
2024-01-01T00:30:00Z,107.8200,108.3200,107.3200,107.8200
2024-01-01T00:31:00Z,107.8400,108.3400,107.3400,107.8400
2024-01-01T00:32:00Z,107.8600,108.3600,107.3600,107.8600
2024-01-01T00:33:00Z,107.8800,108.3800,107.3800,107.8800
2024-01-01T00:34:00Z,107.9000,108.4000,107.4000,107.9000
2024-01-01T00:35:00Z,107.9200,108.4200,107.4200,107.9200
2024-01-01T00:36:00Z,107.9400,108.4400,107.4400,107.9400
2024-01-01T00:37:00Z,107.9600,108.4600,107.4600,107.9600
2024-01-01T00:38:00Z,107.9800,108.4800,107.4800,107.9800
2024-01-01T00:39:00Z,108.0000,108.5000,107.5000,108.0000
2024-01-01T00:40:00Z,108.0200,108.5200,107.5200,108.0200
2024-01-01T00:41:00Z,108.0400,108.5400,107.5400,108.0400
2024-01-01T00:42:00Z,108.0600,108.5600,107.5600,108.0600
2024-01-01T00:43:00Z,108.0800,108.5800,107.5800,108.0800
2024-01-01T00:44:00Z,108.1000,108.6000,107.6000,108.1000
2024-01-01T00:45:00Z,108.1200,108.6200,107.6200,108.1200
2024-01-01T00:46:00Z,108.1400,108.6400,107.6400,108.1400
2024-01-01T00:47:00Z,108.1600,108.6600,107.6600,108.1600
2024-01-01T00:48:00Z,108.1800,108.6800,107.6800,108.1800
2024-01-01T00:49:00Z,108.2000,108.7000,107.7000,108.2000
2024-01-01T00:50:00Z,108.2200,108.7200,107.7200,108.2200
2024-01-01T00:51:00Z,108.2400,108.7400,107.7400,108.2400
2024-01-01T00:52:00Z,108.2600,108.7600,107.7600,108.2600
2024-01-01T00:53:00Z,108.2800,108.7800,107.7800,108.2800
2024-01-01T00:54:00Z,108.3000,108.8000,107.8000,108.3000
2024-01-01T00:55:00Z,108.3200,108.8200,107.8200,108.3200
2024-01-01T00:56:00Z,108.3400,108.8400,107.8400,108.3400
2024-01-01T00:57:00Z,108.3600,108.8600,107.8600,108.3600
2024-01-01T00:58:00Z,108.3800,108.8800,107.8800,108.3800
2024-01-01T00:59:00Z,108.4000,108.9000,107.9000,108.4000
2024-01-01T00:00:00Z,108.4200,108.9200,107.9200,108.4200
2024-01-01T00:01:00Z,108.4400,108.9400,107.9400,108.4400
2024-01-01T00:02:00Z,108.4600,108.9600,107.9600,108.4600
2024-01-01T00:03:00Z,108.4800,108.9800,107.9800,108.4800
2024-01-01T00:04:00Z,108.5000,109.0000,108.0000,108.5000
2024-01-01T00:05:00Z,108.5200,109.0200,108.0200,108.5200
2024-01-01T00:06:00Z,108.5400,109.0400,108.0400,108.5400
2024-01-01T00:07:00Z,108.5600,109.0600,108.0600,108.5600
2024-01-01T00:08:00Z,108.5800,109.0800,108.0800,108.5800
2024-01-01T00:09:00Z,108.6000,109.1000,108.1000,108.6000
2024-01-01T00:10:00Z,108.6200,109.1200,108.1200,108.6200
2024-01-01T00:11:00Z,108.6400,109.1400,108.1400,108.6400
2024-01-01T00:12:00Z,108.6600,109.1600,108.1600,108.6600
2024-01-01T00:13:00Z,108.6800,109.1800,108.1800,108.6800
2024-01-01T00:14:00Z,108.7000,109.2000,108.2000,108.7000
2024-01-01T00:15:00Z,108.7200,109.2200,108.2200,108.7200
2024-01-01T00:16:00Z,108.7400,109.2400,108.2400,108.7400
2024-01-01T00:17:00Z,108.7600,109.2600,108.2600,108.7600
2024-01-01T00:18:00Z,108.7800,109.2800,108.2800,108.7800
2024-01-01T00:19:00Z,108.8000,109.3000,108.3000,108.8000
2024-01-01T00:20:00Z,108.8200,109.3200,108.3200,108.8200
2024-01-01T00:21:00Z,108.8400,109.3400,108.3400,108.8400
2024-01-01T00:22:00Z,108.8600,109.3600,108.3600,108.8600
2024-01-01T00:23:00Z,108.8800,109.3800,108.3800,108.8800
2024-01-01T00:24:00Z,108.9000,109.4000,108.4000,108.9000
2024-01-01T00:25:00Z,108.9200,109.4200,108.4200,108.9200
2024-01-01T00:26:00Z,108.9400,109.4400,108.4400,108.9400
2024-01-01T00:27:00Z,108.9600,109.4600,108.4600,108.9600
2024-01-01T00:28:00Z,108.9800,109.4800,108.4800,108.9800
2024-01-01T00:29:00Z,109.0000,109.5000,108.5000,109.0000
2024-01-01T00:30:00Z,109.0200,109.5200,108.5200,109.0200
2024-01-01T00:31:00Z,109.0400,109.5400,108.5400,109.0400
2024-01-01T00:32:00Z,109.0600,109.5600,108.5600,109.0600
2024-01-01T00:33:00Z,109.0800,109.5800,108.5800,109.0800
2024-01-01T00:34:00Z,109.1000,109.6000,108.6000,109.1000
2024-01-01T00:35:00Z,109.1200,109.6200,108.6200,109.1200
2024-01-01T00:36:00Z,109.1400,109.6400,108.6400,109.1400
2024-01-01T00:37:00Z,109.1600,109.6600,108.6600,109.1600
2024-01-01T00:38:00Z,109.1800,109.6800,108.6800,109.1800
2024-01-01T00:39:00Z,109.2000,109.7000,108.7000,109.2000
2024-01-01T00:40:00Z,109.2200,109.7200,108.7200,109.2200
2024-01-01T00:41:00Z,109.2400,109.7400,108.7400,109.2400
2024-01-01T00:42:00Z,109.2600,109.7600,108.7600,109.2600
2024-01-01T00:43:00Z,109.2800,109.7800,108.7800,109.2800
2024-01-01T00:44:00Z,109.3000,109.8000,108.8000,109.3000
2024-01-01T00:45:00Z,109.3200,109.8200,108.8200,109.3200
2024-01-01T00:46:00Z,109.3400,109.8400,108.8400,109.3400
2024-01-01T00:47:00Z,109.3600,109.8600,108.8600,109.3600
2024-01-01T00:48:00Z,109.3800,109.8800,108.8800,109.3800
2024-01-01T00:49:00Z,109.4000,109.9000,108.9000,109.4000
2024-01-01T00:50:00Z,109.4200,109.9200,108.9200,109.4200
2024-01-01T00:51:00Z,109.4400,109.9400,108.9400,109.4400
2024-01-01T00:52:00Z,109.4600,109.9600,108.9600,109.4600
2024-01-01T00:53:00Z,109.4800,109.9800,108.9800,109.4800
2024-01-01T00:54:00Z,109.5000,110.0000,109.0000,109.5000
2024-01-01T00:55:00Z,109.5200,110.0200,109.0200,109.5200
2024-01-01T00:56:00Z,109.5400,110.0400,109.0400,109.5400
2024-01-01T00:57:00Z,109.5600,110.0600,109.0600,109.5600
2024-01-01T00:58:00Z,109.5800,110.0800,109.0800,109.5800
2024-01-01T00:59:00Z,109.6000,110.1000,109.1000,109.6000
2024-01-01T00:00:00Z,109.6200,110.1200,109.1200,109.6200
2024-01-01T00:01:00Z,109.6400,110.1400,109.1400,109.6400
2024-01-01T00:02:00Z,109.6600,110.1600,109.1600,109.6600
2024-01-01T00:03:00Z,109.6800,110.1800,109.1800,109.6800
2024-01-01T00:04:00Z,109.7000,110.2000,109.2000,109.7000
2024-01-01T00:05:00Z,109.7200,110.2200,109.2200,109.7200
2024-01-01T00:06:00Z,109.7400,110.2400,109.2400,109.7400
2024-01-01T00:07:00Z,109.7600,110.2600,109.2600,109.7600
2024-01-01T00:08:00Z,109.7800,110.2800,109.2800,109.7800
2024-01-01T00:09:00Z,109.8000,110.3000,109.3000,109.8000
2024-01-01T00:10:00Z,109.8200,110.3200,109.3200,109.8200
2024-01-01T00:11:00Z,109.8400,110.3400,109.3400,109.8400
2024-01-01T00:12:00Z,109.8600,110.3600,109.3600,109.8600
2024-01-01T00:13:00Z,109.8800,110.3800,109.3800,109.8800
2024-01-01T00:14:00Z,109.9000,110.4000,109.4000,109.9000
2024-01-01T00:15:00Z,109.9200,110.4200,109.4200,109.9200
2024-01-01T00:16:00Z,109.9400,110.4400,109.4400,109.9400
2024-01-01T00:17:00Z,109.9600,110.4600,109.4600,109.9600
2024-01-01T00:18:00Z,109.9800,110.4800,109.4800,109.9800
2024-01-01T00:19:00Z,110.0000,110.5000,109.5000,110.0000
2024-01-01T00:20:00Z,110.0200,110.5200,109.5200,110.0200
2024-01-01T00:21:00Z,110.0400,110.5400,109.5400,110.0400
2024-01-01T00:22:00Z,110.0600,110.5600,109.5600,110.0600
2024-01-01T00:23:00Z,110.0800,110.5800,109.5800,110.0800
2024-01-01T00:24:00Z,110.1000,110.6000,109.6000,110.1000
2024-01-01T00:25:00Z,110.1200,110.6200,109.6200,110.1200
2024-01-01T00:26:00Z,110.1400,110.6400,109.6400,110.1400
2024-01-01T00:27:00Z,110.1600,110.6600,109.6600,110.1600
2024-01-01T00:28:00Z,110.1800,110.6800,109.6800,110.1800
2024-01-01T00:29:00Z,110.2000,110.7000,109.7000,110.2000
2024-01-01T00:30:00Z,110.2200,110.7200,109.7200,110.2200
2024-01-01T00:31:00Z,110.2400,110.7400,109.7400,110.2400
2024-01-01T00:32:00Z,110.2600,110.7600,109.7600,110.2600
2024-01-01T00:33:00Z,110.2800,110.7800,109.7800,110.2800
2024-01-01T00:34:00Z,110.3000,110.8000,109.8000,110.3000
2024-01-01T00:35:00Z,110.3200,110.8200,109.8200,110.3200
2024-01-01T00:36:00Z,110.3400,110.8400,109.8400,110.3400
2024-01-01T00:37:00Z,110.3600,110.8600,109.8600,110.3600
2024-01-01T00:38:00Z,110.3800,110.8800,109.8800,110.3800
2024-01-01T00:39:00Z,110.4000,110.9000,109.9000,110.4000
2024-01-01T00:40:00Z,110.4200,110.9200,109.9200,110.4200
2024-01-01T00:41:00Z,110.4400,110.9400,109.9400,110.4400
2024-01-01T00:42:00Z,110.4600,110.9600,109.9600,110.4600
2024-01-01T00:43:00Z,110.4800,110.9800,109.9800,110.4800
2024-01-01T00:44:00Z,110.5000,111.0000,110.0000,110.5000
2024-01-01T00:45:00Z,110.5200,111.0200,110.0200,110.5200
2024-01-01T00:46:00Z,110.5400,111.0400,110.0400,110.5400
2024-01-01T00:47:00Z,110.5600,111.0600,110.0600,110.5600
2024-01-01T00:48:00Z,110.5800,111.0800,110.0800,110.5800
2024-01-01T00:49:00Z,110.6000,111.1000,110.1000,110.6000
2024-01-01T00:50:00Z,110.6200,111.1200,110.1200,110.6200
2024-01-01T00:51:00Z,110.6400,111.1400,110.1400,110.6400
2024-01-01T00:52:00Z,110.6600,111.1600,110.1600,110.6600
2024-01-01T00:53:00Z,110.6800,111.1800,110.1800,110.6800
2024-01-01T00:54:00Z,110.7000,111.2000,110.2000,110.7000
2024-01-01T00:55:00Z,110.7200,111.2200,110.2200,110.7200
2024-01-01T00:56:00Z,110.7400,111.2400,110.2400,110.7400
2024-01-01T00:57:00Z,110.7600,111.2600,110.2600,110.7600
2024-01-01T00:58:00Z,110.7800,111.2800,110.2800,110.7800
2024-01-01T00:59:00Z,110.8000,111.3000,110.3000,110.8000
2024-01-01T00:00:00Z,110.8200,111.3200,110.3200,110.8200
2024-01-01T00:01:00Z,110.8400,111.3400,110.3400,110.8400
2024-01-01T00:02:00Z,110.8600,111.3600,110.3600,110.8600
2024-01-01T00:03:00Z,110.8800,111.3800,110.3800,110.8800
2024-01-01T00:04:00Z,110.9000,111.4000,110.4000,110.9000
2024-01-01T00:05:00Z,110.9200,111.4200,110.4200,110.9200
2024-01-01T00:06:00Z,110.9400,111.4400,110.4400,110.9400
2024-01-01T00:07:00Z,110.9600,111.4600,110.4600,110.9600
2024-01-01T00:08:00Z,110.9800,111.4800,110.4800,110.9800
2024-01-01T00:09:00Z,111.0000,111.5000,110.5000,111.0000
2024-01-01T00:10:00Z,111.0200,111.5200,110.5200,111.0200
2024-01-01T00:11:00Z,111.0400,111.5400,110.5400,111.0400
2024-01-01T00:12:00Z,111.0600,111.5600,110.5600,111.0600
2024-01-01T00:13:00Z,111.0800,111.5800,110.5800,111.0800
2024-01-01T00:14:00Z,111.1000,111.6000,110.6000,111.1000
2024-01-01T00:15:00Z,111.1200,111.6200,110.6200,111.1200
2024-01-01T00:16:00Z,111.1400,111.6400,110.6400,111.1400
2024-01-01T00:17:00Z,111.1600,111.6600,110.6600,111.1600
2024-01-01T00:18:00Z,111.1800,111.6800,110.6800,111.1800
2024-01-01T00:19:00Z,111.2000,111.7000,110.7000,111.2000
2024-01-01T00:20:00Z,111.2200,111.7200,110.7200,111.2200
2024-01-01T00:21:00Z,111.2400,111.7400,110.7400,111.2400
2024-01-01T00:22:00Z,111.2600,111.7600,110.7600,111.2600
2024-01-01T00:23:00Z,111.2800,111.7800,110.7800,111.2800
2024-01-01T00:24:00Z,111.3000,111.8000,110.8000,111.3000
2024-01-01T00:25:00Z,111.3200,111.8200,110.8200,111.3200
2024-01-01T00:26:00Z,111.3400,111.8400,110.8400,111.3400
2024-01-01T00:27:00Z,111.3600,111.8600,110.8600,111.3600
2024-01-01T00:28:00Z,111.3800,111.8800,110.8800,111.3800
2024-01-01T00:29:00Z,111.4000,111.9000,110.9000,111.4000
2024-01-01T00:30:00Z,111.4200,111.9200,110.9200,111.4200
2024-01-01T00:31:00Z,111.4400,111.9400,110.9400,111.4400
2024-01-01T00:32:00Z,111.4600,111.9600,110.9600,111.4600
2024-01-01T00:33:00Z,111.4800,111.9800,110.9800,111.4800
2024-01-01T00:34:00Z,111.5000,112.0000,111.0000,111.5000
2024-01-01T00:35:00Z,111.5200,112.0200,111.0200,111.5200
2024-01-01T00:36:00Z,111.5400,112.0400,111.0400,111.5400
2024-01-01T00:37:00Z,111.5600,112.0600,111.0600,111.5600
2024-01-01T00:38:00Z,111.5800,112.0800,111.0800,111.5800
2024-01-01T00:39:00Z,111.6000,112.1000,111.1000,111.6000
2024-01-01T00:40:00Z,111.6200,112.1200,111.1200,111.6200
2024-01-01T00:41:00Z,111.6400,112.1400,111.1400,111.6400
2024-01-01T00:42:00Z,111.6600,112.1600,111.1600,111.6600
2024-01-01T00:43:00Z,111.6800,112.1800,111.1800,111.6800
2024-01-01T00:44:00Z,111.7000,112.2000,111.2000,111.7000
2024-01-01T00:45:00Z,111.7200,112.2200,111.2200,111.7200
2024-01-01T00:46:00Z,111.7400,112.2400,111.2400,111.7400
2024-01-01T00:47:00Z,111.7600,112.2600,111.2600,111.7600
2024-01-01T00:48:00Z,111.7800,112.2800,111.2800,111.7800
2024-01-01T00:49:00Z,111.8000,112.3000,111.3000,111.8000
2024-01-01T00:50:00Z,111.8200,112.3200,111.3200,111.8200
2024-01-01T00:51:00Z,111.8400,112.3400,111.3400,111.8400
2024-01-01T00:52:00Z,111.8600,112.3600,111.3600,111.8600
2024-01-01T00:53:00Z,111.8800,112.3800,111.3800,111.8800
2024-01-01T00:54:00Z,111.9000,112.4000,111.4000,111.9000
2024-01-01T00:55:00Z,111.9200,112.4200,111.4200,111.9200
2024-01-01T00:56:00Z,111.9400,112.4400,111.4400,111.9400
2024-01-01T00:57:00Z,111.9600,112.4600,111.4600,111.9600
2024-01-01T00:58:00Z,111.9800,112.4800,111.4800,111.9800
2024-01-01T00:59:00Z,112.0000,112.5000,111.5000,112.0000